{
  "accuracy": [
    0.7571428418159485,
    0.9964285492897034,
    1.0,
    1.0,
    1.0,
    1.0,
    1.0,
    1.0,
    1.0,
    1.0,
    1.0,
    1.0,
    1.0,
    1.0,
    1.0,
    1.0,
    1.0,
    1.0,
    1.0,
    1.0
  ],
  "loss": [
    0.8389838933944702,
    0.1833144873380661,
    0.08592972159385681,
    0.04159984737634659,
    0.025283928960561752,
    0.02430763840675354,
    0.022579390555620193,
    0.014551962725818157,
    0.013372953049838543,
    0.009217108599841595,
    0.009730052202939987,
    0.008439740166068077,
    0.006442083977162838,
    0.005016875918954611,
    0.005825190804898739,
    0.005461841821670532,
    0.00570494681596756,
    0.003963939845561981,
    0.0036563328467309475,
    0.004117151722311974
  ],
  "val_accuracy": [
    0.4000000059604645,
    0.4000000059604645,
    0.4000000059604645,
    0.4000000059604645,
    0.4000000059604645,
    0.4000000059604645,
    0.30000001192092896,
    0.20000000298023224,
    0.20000000298023224,
    0.20000000298023224,
    0.20000000298023224,
    0.20000000298023224,
    0.20000000298023224,
    0.4000000059604645,
    0.4000000059604645,
    0.4000000059604645,
    0.6000000238418579,
    0.6000000238418579,
    0.6000000238418579,
    0.6000000238418579
  ],
  "val_loss": [
    1.601405382156372,
    1.5969029664993286,
    1.59237802028656,
    1.5876351594924927,
    1.5840362310409546,
    1.5811892747879028,
    1.5776118040084839,
    1.5725497007369995,
    1.5661569833755493,
    1.5592941045761108,
    1.5515917539596558,
    1.5420317649841309,
    1.5306861400604248,
    1.518485426902771,
    1.5045865774154663,
    1.486906886100769,
    1.4661898612976074,
    1.4432770013809204,
    1.4186252355575562,
    1.3907731771469116
  ],
  "learning_rate": [
    9.999999747378752e-05,
    9.999999747378752e-05,
    9.999999747378752e-05,
    9.999999747378752e-05,
    9.999999747378752e-05,
    9.999999747378752e-05,
    9.999999747378752e-05,
    9.999999747378752e-05,
    9.999999747378752e-05,
    9.999999747378752e-05,
    9.999999747378752e-05,
    9.999999747378752e-05,
    9.999999747378752e-05,
    9.999999747378752e-05,
    9.999999747378752e-05,
    9.999999747378752e-05,
    9.999999747378752e-05,
    9.999999747378752e-05,
    9.999999747378752e-05,
    9.999999747378752e-05
  ]
}