{
  "accuracy": [
    0.6285714507102966,
    0.9238095283508301,
    0.9714285731315613,
    1.0,
    0.9904761910438538,
    1.0,
    1.0,
    1.0,
    1.0,
    1.0,
    1.0,
    1.0,
    1.0
  ],
  "loss": [
    1.1409969329833984,
    0.6025360226631165,
    0.3254139721393585,
    0.197786346077919,
    0.17781729996204376,
    0.12409866601228714,
    0.06304421275854111,
    0.06687629222869873,
    0.054656982421875,
    0.07138749957084656,
    0.028055427595973015,
    0.04904117062687874,
    0.027905559167265892
  ],
  "val_accuracy": [
    0.4000000059604645,
    0.4000000059604645,
    0.4000000059604645,
    0.4000000059604645,
    0.20000000298023224,
    0.20000000298023224,
    0.20000000298023224,
    0.20000000298023224,
    0.20000000298023224,
    0.20000000298023224,
    0.20000000298023224,
    0.20000000298023224,
    0.20000000298023224
  ],
  "val_loss": [
    1.5995649099349976,
    1.594927191734314,
    1.5890120267868042,
    1.5880061388015747,
    1.5864561796188354,
    1.5843738317489624,
    1.5829616785049438,
    1.5822805166244507,
    1.5823109149932861,
    1.5827648639678955,
    1.5823609828948975,
    1.582953691482544,
    1.5836923122406006
  ],
  "learning_rate": [
    9.999999747378752e-05,
    9.999999747378752e-05,
    9.999999747378752e-05,
    9.999999747378752e-05,
    9.999999747378752e-05,
    9.999999747378752e-05,
    9.999999747378752e-05,
    9.999999747378752e-05,
    9.999999747378752e-05,
    9.999999747378752e-05,
    9.999999747378752e-05,
    4.999999873689376e-05,
    4.999999873689376e-05
  ]
}